seqnames,start,end,width,strand,rsid,P,gene,TSS.start,TSS.end,TSS.width,Enhancer.start,Enhancer.end,Enhancer.width,Promoter.start,Promoter.end,Promoter.width
6,32340654,32340654,1,*,rs9268400,3.3e-9,HLA-DPA1,33060000,33070000,10001,32340000,32350000,10001,33069248,33070248,1001
6,32341318,32341318,1,*,rs9268401,4.85e-9,HLA-DPA1,33060000,33070000,10001,32340000,32350000,10001,33069248,33070248,1001
6,32341473,32341473,1,*,rs9268403,2.27e-9,HLA-DPA1,33060000,33070000,10001,32340000,32350000,10001,33069248,33070248,1001
6,32341719,32341719,1,*,rs9268404,1.47e-9,HLA-DPA1,33060000,33070000,10001,32340000,32350000,10001,33069248,33070248,1001
6,32342087,32342087,1,*,rs9268405,2.31e-9,HLA-DPA1,33060000,33070000,10001,32340000,32350000,10001,33069248,33070248,1001
6,32342129,32342129,1,*,rs9268406,2.22e-9,HLA-DPA1,33060000,33070000,10001,32340000,32350000,10001,33069248,33070248,1001
6,32342166,32342166,1,*,rs9268407,2.29e-9,HLA-DPA1,33060000,33070000,10001,32340000,32350000,10001,33069248,33070248,1001
6,32342639,32342639,1,*,rs9268409,4.42e-9,HLA-DPA1,33060000,33070000,10001,32340000,32350000,10001,33069248,33070248,1001
6,32343018,32343018,1,*,rs9268412,4.41e-9,HLA-DPA1,33060000,33070000,10001,32340000,32350000,10001,33069248,33070248,1001
6,32343267,32343267,1,*,rs9268415,2.17e-9,HLA-DPA1,33060000,33070000,10001,32340000,32350000,10001,33069248,33070248,1001
6,32343384,32343384,1,*,rs9268416,2.45e-9,HLA-DPA1,33060000,33070000,10001,32340000,32350000,10001,33069248,33070248,1001
6,32343616,32343616,1,*,rs9268417,3.04e-9,HLA-DPA1,33060000,33070000,10001,32340000,32350000,10001,33069248,33070248,1001
6,32343686,32343686,1,*,rs9268418,2.65e-9,HLA-DPA1,33060000,33070000,10001,32340000,32350000,10001,33069248,33070248,1001
6,32343796,32343796,1,*,rs9268420,3.08e-9,HLA-DPA1,33060000,33070000,10001,32340000,32350000,10001,33069248,33070248,1001
6,32343869,32343869,1,*,rs9268421,5.13e-9,HLA-DPA1,33060000,33070000,10001,32340000,32350000,10001,33069248,33070248,1001
6,32343873,32343873,1,*,rs9268422,4.62e-9,HLA-DPA1,33060000,33070000,10001,32340000,32350000,10001,33069248,33070248,1001
6,32343882,32343882,1,*,rs9268423,4.62e-9,HLA-DPA1,33060000,33070000,10001,32340000,32350000,10001,33069248,33070248,1001
6,32343985,32343985,1,*,rs9268424,3.12e-9,HLA-DPA1,33060000,33070000,10001,32340000,32350000,10001,33069248,33070248,1001
6,32344376,32344376,1,*,rs9268425,2.49e-9,HLA-DPA1,33060000,33070000,10001,32340000,32350000,10001,33069248,33070248,1001
6,32344731,32344731,1,*,rs9268426,3.46e-9,HLA-DPA1,33060000,33070000,10001,32340000,32350000,10001,33069248,33070248,1001
6,32344808,32344808,1,*,rs9268427,2.18e-9,HLA-DPA1,33060000,33070000,10001,32340000,32350000,10001,33069248,33070248,1001
6,32344973,32344973,1,*,rs9268428,1.4e-9,HLA-DPA1,33060000,33070000,10001,32340000,32350000,10001,33069248,33070248,1001
6,32345443,32345443,1,*,rs2894252,4.71e-9,HLA-DPA1,33060000,33070000,10001,32340000,32350000,10001,33069248,33070248,1001
6,32345514,32345514,1,*,rs9268431,2.34e-9,HLA-DPA1,33060000,33070000,10001,32340000,32350000,10001,33069248,33070248,1001
6,32345667,32345667,1,*,rs9268432,2.82e-9,HLA-DPA1,33060000,33070000,10001,32340000,32350000,10001,33069248,33070248,1001
6,32345891,32345891,1,*,rs9268433,8.34e-10,HLA-DPA1,33060000,33070000,10001,32340000,32350000,10001,33069248,33070248,1001
6,32346637,32346637,1,*,rs9268436,2.59e-9,HLA-DPA1,33060000,33070000,10001,32340000,32350000,10001,33069248,33070248,1001
6,32346701,32346701,1,*,rs9268439,2.2e-9,HLA-DPA1,33060000,33070000,10001,32340000,32350000,10001,33069248,33070248,1001
6,32346794,32346794,1,*,rs1980495,4.47e-9,HLA-DPA1,33060000,33070000,10001,32340000,32350000,10001,33069248,33070248,1001
6,32347280,32347280,1,*,rs8180659,2.14e-9,HLA-DPA1,33060000,33070000,10001,32340000,32350000,10001,33069248,33070248,1001
6,32347490,32347490,1,*,rs8180664,2.35e-9,HLA-DPA1,33060000,33070000,10001,32340000,32350000,10001,33069248,33070248,1001
6,32347749,32347749,1,*,rs9268446,3.01e-9,HLA-DPA1,33060000,33070000,10001,32340000,32350000,10001,33069248,33070248,1001
6,32347831,32347831,1,*,rs9268447,3.15e-9,HLA-DPA1,33060000,33070000,10001,32340000,32350000,10001,33069248,33070248,1001
6,32347897,32347897,1,*,rs2395155,2.05e-9,HLA-DPA1,33060000,33070000,10001,32340000,32350000,10001,33069248,33070248,1001
6,32348098,32348098,1,*,rs2395156,2.57e-9,HLA-DPA1,33060000,33070000,10001,32340000,32350000,10001,33069248,33070248,1001
6,32348145,32348145,1,*,rs2395157,3.86e-9,HLA-DPA1,33060000,33070000,10001,32340000,32350000,10001,33069248,33070248,1001
6,32348463,32348463,1,*,rs9268448,1.9e-9,HLA-DPA1,33060000,33070000,10001,32340000,32350000,10001,33069248,33070248,1001
6,32348467,32348467,1,*,rs9268449,1.86e-9,HLA-DPA1,33060000,33070000,10001,32340000,32350000,10001,33069248,33070248,1001
6,32348690,32348690,1,*,rs9268450,2.38e-9,HLA-DPA1,33060000,33070000,10001,32340000,32350000,10001,33069248,33070248,1001
6,32349086,32349086,1,*,rs9268451,9.51e-10,HLA-DPA1,33060000,33070000,10001,32340000,32350000,10001,33069248,33070248,1001
6,32349494,32349494,1,*,rs9268452,2.68e-9,HLA-DPA1,33060000,33070000,10001,32340000,32350000,10001,33069248,33070248,1001
6,32349571,32349571,1,*,rs9268453,2.62e-9,HLA-DPA1,33060000,33070000,10001,32340000,32350000,10001,33069248,33070248,1001
6,32349711,32349711,1,*,rs9268454,2.58e-9,HLA-DPA1,33060000,33070000,10001,32340000,32350000,10001,33069248,33070248,1001
6,32349772,32349772,1,*,rs9268455,8.85e-10,HLA-DPA1,33060000,33070000,10001,32340000,32350000,10001,33069248,33070248,1001
6,32349946,32349946,1,*,rs9268456,2.66e-9,HLA-DPA1,33060000,33070000,10001,32340000,32350000,10001,33069248,33070248,1001
